,Brand,Reference,Google Search Code,Category,Name,Product Page URL,Price(Euros),Product Url,Product Price
0,O'NEILL,0A4972-9950 BLACK AOP,0A4972-9950,Sandals,FB ARCH PRINT SANDALS,,,https://www.oneill.com/eu/en/arch-print-sandals/0A4972-9950-301.html,€16.09
1,O'NEILL,9P1070-5056 Ink Blue,9P1070-5056,Jackets,LB CHARGER PARKA,,,https://www.oneill.com/fr/en/charger-parka-jacket/9P1070-5056-116.html,€76.99
2,O'NEILL,9P1070-6077 Winter Mos,9P1070-6077,Jackets,LB CHARGER PARKA,,,https://www.oneill.com/eu/en/charger-parka-jacket/9P1070-6077-140.html,€76.99
3,O'NEILL,8P1072-5056 Ink Blue,8P1072-5056,Jackets Technical,LB TRANSIT JACKET,,,Url Not Found,No Url to scrape price
4,O'NEILL,8P1072-5112 Surf Blue,8P1072-5112,Jackets Technical,LB TRANSIT JACKET,,,Url Not Found,No Url to scrape price
5,O'NEILL,0A2780-1250 Light Auth,0A2780-1250,Pants,LB TITO 5 POCKET DENIM PANTS,,,https://www.oneill.com/gb/en/tito-denim-pants/0A2780-1250-152.html?channable=e96832.MEEyNzgwLTEyNTAtMTUy,Not able to scrape Price.
6,O'NEILL,0A2782-1250 Light Auth,0A2782-1250,Pants,LB MINGO 5 POCKET DENIM PANTS,,,https://www.oneill.com/eu/en/mingo-denim-pants/0A2782-1250-104.html,Not able to scrape Price.
7,O'NEILL,9P2772-5204 Scale,9P2772-5204,Pants,LB STRINGER DENIM,,,https://www.oneill.com/eu/en/stringer-denim-pants/9P2772-5204-128.html,Not able to scrape Price.
8,O'NEILL,0A2776-1250 Light Auth,0A2776-1250,Pants,LB 5-POCKET JOG DENIM PANTS,,,https://www.oneill.com/eu/en/5-pocket-denim-pants/0A2776-1250-104.html,Not able to scrape Price.
9,O'NEILL,0A2570-6077 Winter Mos,0A2570-6077,Shorts,LB FRIDAY NIGHT CHINO SHORTS,,,https://www.oneill.com/fr/en/friday-night-chino-shorts/0A2570-6077-128.html,€32.19
10,O'NEILL,0A2570-7507 Chateau Be,0A2570-7507,Shorts,LB FRIDAY NIGHT CHINO SHORTS,,,https://www.oneill.com/eu/en/friday-night-chino-shorts/0A2570-7507-128.html,€32.19
11,O'NEILL,0A2570-9010 Black Out,0A2570-9010,Shorts,LB FRIDAY NIGHT CHINO SHORTS,,,https://www.oneill.com/eu/en/friday-night-chino-shorts/0A2570-9010-104.html,€32.19
12,O'NEILL,0A2572-5056 Ink Blue,0A2572-5056,Shorts,LB CALI BEACH CARGO SHORTS,,,https://www.oneill.com/eu/en/cali-beach-cargo-shorts/0A2572-5056-104.html,€32.19
13,O'NEILL,0A2572-5209 Walton Blu,0A2572-5209,Shorts,LB CALI BEACH CARGO SHORTS,,,https://www.oneill.com/be/en/cali-beach-cargo-shorts/0A2572-5209-104.html,€32.19
14,O'NEILL,0A2572-6077 Winter Mos,0A2572-6077,Shorts,LB CALI BEACH CARGO SHORTS,,,https://www.oneill.com/eu/en/cali-beach-cargo-shorts/0A2572-6077-140.html,€32.19
15,O'NEILL,0A2572-6920 GREEN AOP,0A2572-6920,Shorts,LB CALI BEACH CARGO SHORTS,,,https://www.oneill.com/eu/en/cali-beach-cargo-shorts/0A2572-6920-104.html,€32.19
16,O'NEILL,0A2572-9980 BLACK AOP,0A2572-9980,Shorts,LB CALI BEACH CARGO SHORTS,,,https://www.oneill.com/gb/en/cali-beach-cargo-shorts/0A2572-9980-128.html,Not able to scrape Price.
17,O'NEILL,0A2576-5056 Ink Blue,0A2576-5056,Shorts,LB 5-POCKET SHORTS,,,https://www.oneill.com/eu/en/5-pocket-denim-shorts/0A2576-5056-104.html,Not able to scrape Price.
18,O'NEILL,0A2578-6920 GREEN AOP,0A2578-6920,Shorts,LB JOGGER SHORTS,,,https://www.oneill.com/eu/en/sweat-shorts/0A2578-6920-128.html,Not able to scrape Price.
19,O'NEILL,0A2582-6151 Salina Gre,0A2582-6151,Shorts,LB FRIDAY NIGHT CHINO SHORTS,,,https://www.oneill.com/eu/en/friday-night-chino-shorts/0A2582-6151-104.html,Not able to scrape Price.
20,O'NEILL,9A2576-5014 Dazzling B,9A2576-5014,Shorts,LB SURFS OUT SHORTS,,,https://www.oneill.com/eu/en/surfs-out-shorts/9A2576-5014-104.html,Not able to scrape Price.
21,O'NEILL,9P1174-6900 GREEN AOP,9P1174-6900,Superfleeces,LB SHERPA HZ HOODIE - CAMO,,,https://www.oneill.com/nl/en/sherpa-camo-half-zip-hoodie-superfleece/9P1174-6900-128.html,€48.99
22,O'NEILL,8P1482-5056 Ink Blue,8P1482-5056,Sweatshirts,LB THE O'NEILL RIDE SWEATSHIRT,,,Url Not Found,No Url to scrape price
23,O'NEILL,8P3662-9010 Black Out,8P3662-9010,Sweatshirts,LB LOGO CREW SWEATSHIRT,,,https://www.oneill.com/eu/en/logo-crew-sweatshirt/8P3662-9010-116.html,€39.99
24,O'NEILL,9P1476-6900 GREEN AOP,9P1476-6900,Sweatshirts,LB NEWTON CREW,,,https://www.oneill.com/eu/en/newton--sweatshirt/9P1476-6900-128.html,€34.99
25,O'NEILL,9P1476-9900 BLACK AOP,9P1476-9900,Sweatshirts,LB NEWTON CREW,,,https://www.oneill.com/eu/en/newton--sweatshirt/9P1476-9900-128.html,€34.99
26,O'NEILL,9P1478-8026 Asphalt,9P1478-8026,Sweatshirts,LB FAWN LOGO CREW,,,https://www.oneill.com/eu/en/fawn-logo-sweatshirt/9P1478-8026-104.html,€27.99
27,O'NEILL,8P1478-6077 Winter Mos,8P1478-6077,Sweatshirts,LB PCH CALIFORNIA FZ HOODIE,,,Url Not Found,No Url to scrape price
28,O'NEILL,0A1490-5204 Scale,0A1490-5204,Sweatshirts,LB TECH ZIP THRU SWEATSHIRT,,,https://www.oneill.com/eu/en/tech-zip-thru-sweatshirt/0A1490-5204-128.html,€41.99
29,O'NEILL,0A1490-6096 Amazon Gre,0A1490-6096,Sweatshirts,LB TECH ZIP THRU SWEATSHIRT,,,https://www.oneill.com/eu/en/tech-zip-thru-sweatshirt/0A1490-6096-116.html,€41.99
30,O'NEILL,0A1488-6920 GREEN AOP,0A1488-6920,Sweatshirts,LB HOODIE,,,https://www.oneill.com/eu/en/colorblock-hoodie/0A1488-6920-104.html,€41.99
31,O'NEILL,8P2176-6058 Forest Nig,8P2176-6058,Tees,LB JACK'S BASE L/SLV T-SHIRT,,,Url Not Found,No Url to scrape price
32,O'NEILL,0A2476-1030 Powder Whi,0A2476-1030,Tees,LB HORIZON POCKET T-SHIRT,,,https://www.oneill.com/de/en/horizon-pocket-t-shirt/0A2476-1030-128.html,€12.59
33,O'NEILL,0A2476-8001 Silver Mel,0A2476-8001,Tees,LB HORIZON POCKET T-SHIRT,,,https://www.oneill.com/eu/en/horizon-pocket-t-shirt/0A2476-8001-104.html,€12.59
34,O'NEILL,0A2482-5930 BLUE AOP W,0A2482-5930,Tees,LB MATEO STRIPED T-SHIRT,,,https://www.oneill.com/eu/en/mateo-striped-t-shirt/0A2482-5930-140.html,€16.09
35,O'NEILL,0A2482-5950 BLUE AOP W,0A2482-5950,Tees,LB MATEO STRIPED T-SHIRT,,,https://www.oneill.com/eu/en/mateo-striped-t-shirt/0A2482-5950-128.html,€16.09
36,O'NEILL,0A2496-2533 Spicy Oran,0A2496-2533,Tees,LB BOXY T-SHIRT,,,https://www.oneill.com/eu/en/boxy-t-shirt/0A2496-2533-128.html,€20.99
37,O'NEILL,0A2496-6910 GREEN AOP,0A2496-6910,Tees,LB BOXY T-SHIRT,,,https://www.oneill.com/nl/en/boxy-t-shirt/0A2496-6910-116.html,€20.99
38,O'NEILL,0A2496-6920 GREEN AOP,0A2496-6920,Tees,LB BOXY T-SHIRT,,,https://www.oneill.com/fr/en/boxy-t-shirt/0A2496-6920-104.html,€20.99
39,O'NEILL,9A2478-9010 Black Out,9A2478-9010,Tees,LB BACK PRINT S/SLV T-SHIRT,,,https://www.oneill.com/eu/en/back-print-t-shirt/9A2478-9010-104.html,Not able to scrape Price.
40,O'NEILL,9A2482-2523 Burning Or,9A2482-2523,Tees,LB JACKS BASE S/SLV T-SHIRT,,,https://www.oneill.com/eu/en/jacks-base-t-shirt/9A2482-2523-152.html,€10.79
41,O'NEILL,0A3274-5900 BLUE AOP,0A3274-5900,Boardshorts,PB DOUBLE-UP SHORTS,,,https://www.oneill.com/eu/en/double-up-swim-shorts/0A3274-5900-104.html,€32.19
42,O'NEILL,0A3276-6920 GREEN AOP,0A3276-6920,Boardshorts,PB STACKED SHORTS,,,https://www.oneill.com/eu/en/stacked-swim-shorts/0A3276-6920-104.html,€39.99
43,O'NEILL,0A3280-5900 BLUE AOP,0A3280-5900,Boardshorts,PB HORIZON SHORTS,,,https://www.oneill.com/eu/en/horizon-swim-shorts/0A3280-5900-128.html,€25.19
44,O'NEILL,0A3288-3121 Mandarine,0A3288-3121,Boardshorts,PB CALI SHORTS,,,https://www.oneill.com/eu/en/cali-swim-shorts/0A3288-3121-104.html,€20.99
45,O'NEILL,9A3278-5014 Dazzling B,9A3278-5014,Boardshorts,PB VERT SHORTS,,,https://www.oneill.com/at/en/vert-swim-shorts/9A3278-5014-128.html,€20.99
46,O'NEILL,0A3172-8900 GREY AOP,0A3172-8900,Boardshorts,PB HYPERFREAK HEIST LINE,,,https://www.oneill.com/eu/en/hyperfreak-heist-line-boardshort/0A3172-8900-104.html,€34.99
47,O'NEILL,8P0274-5112 Surf Blue,8P0274-5112,Fleeces,PB JACK FZ FLEECE,,,https://www.oneill.com/fr/en/jack-full-zip-fleece/8P0274-5112-140.html,€49.99
48,O'NEILL,8P0274-6058 Forest Nig,8P0274-6058,Fleeces,PB JACK FZ FLEECE,,,https://www.oneill.com/nl/en/jack-full-zip-fleece/8P0274-6058-128.html,€49.99
49,O'NEILL,9P0270-6058 Forest Nig,9P0270-6058,Fleeces,PB HOODED FULL ZIP FLEECE,,,https://www.oneill.com/fr/en/hooded-full-zip-ski-fleece/9P0270-6058-128.html,€34.99
50,O'NEILL,9P0272-5075 Seaport Bl,9P0272-5075,Fleeces,PB FULL-ZIP FLEECE,,,Url Not Found,No Url to scrape price
51,O'NEILL,9P0274-6058 Forest Nig,9P0274-6058,Fleeces,PB CREW FLEECE,,,https://www.oneill.com/eu/en/crew-ski-fleece/9P0274-6058-116.html,€27.99
52,O'NEILL,9P0274-9010 Black Out,9P0274-9010,Fleeces,PB CREW FLEECE,,,https://www.oneill.com/eu/en/crew-ski-fleece/9P0274-9010-128.html,€27.99
53,O'NEILL,9P0276-6058 Forest Nig,9P0276-6058,Fleeces,PB 1/4 ZIP FLEECE,,,https://www.oneill.com/eu/en/1-4-zip-ski-fleece/9P0276-6058-128.html,€20.99
54,O'NEILL,8P0084-5056 Ink Blue,8P0084-5056,Jackets Snow,PB STATEMENT JACKET,,,https://www.oneill.com/eu/en/statement-ski-snowboard-jacket/8P0084-5056-140.html,€99.99
55,O'NEILL,8P0084-5112 Surf Blue,8P0084-5112,Jackets Snow,PB STATEMENT JACKET,,,https://www.oneill.com/eu/en/statement-ski-snowboard-jacket/8P0084-5112-128.html,€99.99
56,O'NEILL,8P3648-6025 DRESDEN BL,8P3648-6025,Jackets Snow,PB THUNDER PEAK JACKET,,,Url Not Found,No Url to scrape price
57,O'NEILL,8P3648-6058 Forest Nig,8P3648-6058,Jackets Snow,PB THUNDER PEAK JACKET,,,Url Not Found,No Url to scrape price
58,O'NEILL,8P3648-9010 Black Out,8P3648-9010,Jackets Snow,PB THUNDER PEAK JACKET,,,Url Not Found,No Url to scrape price
59,O'NEILL,9P0074-5075 Seaport Bl,9P0074-5075,Jackets Snow,PB IGNEOUS JACKET,,,https://www.oneill.com/eu/en/igneous-ski-jacket/9P0074-5075-128.html,€90.99
60,O'NEILL,9P0074-6058 Forest Nig,9P0074-6058,Jackets Snow,PB IGNEOUS JACKET,,,https://www.oneill.com/eu/en/igneous-ski-jacket/9P0074-6058-104.html,€90.99
61,O'NEILL,9P0078-6058 Forest Nig,9P0078-6058,Jackets Snow,PB APLITE JACKET,,,https://www.oneill.com/eu/en/aplite-ski-jacket/9P0078-6058-104.html,€83.99
62,O'NEILL,9P0078-9010 Black Out,9P0078-9010,Jackets Snow,PB APLITE JACKET,,,https://www.oneill.com/eu/en/aplite-ski-jacket/9P0078-9010-104.html,€83.99
63,O'NEILL,9P0080-5900 BLUE AOP,9P0080-5900,Jackets Snow,PB HALITE JACKET,,,https://www.oneill.com/be/en/halite-ski-jacket/9P0080-5900-128.html,€69.99
64,O'NEILL,9P0080-6900 GREEN AOP,9P0080-6900,Jackets Snow,PB HALITE JACKET,,,https://www.oneill.com/fr/en/halite-ski-jacket/9P0080-6900-116.html,€69.99
65,O'NEILL,9P0080-6960 GREEN AOP,9P0080-6960,Jackets Snow,PB HALITE JACKET,,,https://www.oneill.com/eu/en/halite-ski-jacket/9P0080-6960-104.html,€69.99
66,O'NEILL,9P0080-9900 BLACK AOP,9P0080-9900,Jackets Snow,PB HALITE JACKET,,,https://www.oneill.com/fr/en/halite-ski-jacket/9P0080-9900-140.html,€69.99
67,O'NEILL,9P0082-5075 Seaport Bl,9P0082-5075,Jackets Snow,PB MAGNATITE JACKET,,,https://www.oneill.com/eu/en/magnatite-ski-jacket/9P0082-5075-152.html,€69.99
68,O'NEILL,8P3070-5056 Ink Blue,8P3070-5056,Snow pants,PB BIB PANTS,,,https://www.oneill.com/eu/en/bib-ski-snowboard-pants/8P3070-5056-116.html,€119.9
69,O'NEILL,8P3072-2521 Bright Ora,8P3072-2521,Snow pants,PB ANVIL PANTS,,,https://www.oneill.com/eu/en/anvil-ski-snowboard-pants/8P3072-2521-170.html,€89.99
70,O'NEILL,8P3072-5112 Surf Blue,8P3072-5112,Snow pants,PB ANVIL PANTS,,,https://www.oneill.com/eu/en/anvil-ski-snowboard-pants/8P3072-5112-164.html,€89.99
71,O'NEILL,8P3072-6017 Treetop Gr,8P3072-6017,Snow pants,PB ANVIL PANTS,,,https://www.oneill.com/eu/en/anvil-ski-snowboard-pants/8P3072-6017-152.html,€89.99
72,O'NEILL,8P3072-6025 DRESDEN BL,8P3072-6025,Snow pants,PB ANVIL PANTS,,,https://www.oneill.com/fr/en/anvil-ski-snowboard-pants/8P3072-6025-104.html,€89.99
73,O'NEILL,8P3658-2521 Bright Ora,8P3658-2521,Snow pants,PB ANVIL PANTS,,,Url Not Found,No Url to scrape price
74,O'NEILL,8P3658-6025 DRESDEN BL,8P3658-6025,Snow pants,PB ANVIL PANTS,,,Url Not Found,No Url to scrape price
75,O'NEILL,8P3658-9010 Black Out,8P3658-9010,Snow pants,PB ANVIL PANTS,,,Url Not Found,No Url to scrape price
76,O'NEILL,9P3070-6058 Forest Nig,9P3070-6058,Snow pants,PB BIB PANTS,,,https://www.oneill.com/eu/en/bib-ski-pants/9P3070-6058-116.html,€83.99
77,O'NEILL,9P3070-9010 Black Out,9P3070-9010,Snow pants,PB BIB PANTS,,,https://www.oneill.com/eu/en/bib-ski-pants/9P3070-9010-128.html,€83.99
78,O'NEILL,9P3072-2518 Citrine Or,9P3072-2518,Snow pants,PB ANVIL PANTS,,,https://www.oneill.com/eu/en/anvil-ski-pants/9P3072-2518-176.html,€62.99
79,O'NEILL,9P3072-5075 Seaport Bl,9P3072-5075,Snow pants,PB ANVIL PANTS,,,https://www.oneill.com/eu/en/anvil-ski-pants/9P3072-5075-128.html,€62.99
80,O'NEILL,9P3072-6058 Forest Nig,9P3072-6058,Snow pants,PB ANVIL PANTS,,,https://www.oneill.com/eu/en/anvil-ski-pants/9P3072-6058-128.html,€62.99
81,O'NEILL,9P3072-9010 Black Out,9P3072-9010,Snow pants,PB ANVIL PANTS,,,https://www.oneill.com/eu/en/anvil-ski-pants/9P3072-9010-128.html,€89.99
82,O'NEILL,9P9270-4048 Bridal Ros,9P9270-4048,Accessories,BG WOOL SCARF GIRLS,,,https://www.oneill.com/eu/en/wool-scarf/9P9270-4048-0.html,€18.19
83,O'NEILL,0A9070-7507 Chateau Be,0A9070-7507,Bags,BG BEACH BAG STRAW,,,https://www.oneill.com/eu/en/beach-staw-bag/0A9070-7507-0.html,€20.99
84,O'NEILL,9P9172-6149 Bivaline,9P9172-6149,Headwear,BG POP-MELANGE BEANIE,,,https://www.oneill.com/eu/en/pop-melange-beanie/9P9172-6149-0.html,€18.19
85,O'NEILL,9P9174-3021 Neon Flame,9P9174-3021,Headwear,BG SOFT-KNIT BEANIE,,,https://www.oneill.com/eu/en/soft-knit-beanie/9P9174-3021-0.html,€16.09
86,O'NEILL,0A9170-7507 Chateau Be,0A9170-7507,Headwear,BG FEDORA HAT,,,https://www.oneill.com/eu/en/fedora-hat/0A9170-7507-54.html,€18.19
87,O'NEILL,0A9970-3121 Mandarine,0A9970-3121,Sandals,FG DITSY SANDALS,,,https://www.oneill.com/eu/en/ditsy-sandals/0A9970-3121-301.html,€18.19
88,O'NEILL,0A9972-5950 BLUE AOP W,0A9972-5950,Sandals,FG WOVEN STRAP SANDALS,,,https://www.oneill.com/eu/en/woven-sandals/0A9972-5950-32.html,€16.09
89,O'NEILL,0A9972-6960 GREEN AOP,0A9972-6960,Sandals,FG WOVEN STRAP SANDALS,,,https://www.oneill.com/eu/en/woven-sandals/0A9972-6960-32.html,€16.09
90,O'NEILL,0A8986-4920 PINK-PURP,0A8986-4920,Dresses & Jumpsuits,LG SWEAT DRESS,,,https://www.oneill.com/eu/en/hooded-side-zip-sweater-dress/0A8986-4920-104.html,€48.99
91,O'NEILL,0A8986-5204 Scale,0A8986-5204,Dresses & Jumpsuits,LG SWEAT DRESS,,,https://www.oneill.com/eu/en/hooded-side-zip-sweater-dress/0A8986-5204-116.html,€48.99
92,O'NEILL,0A8971-4900 PINK AOP,0A8971-4900,Dresses & Jumpsuits,LG LOLA TUNIQUE DRESS,,,https://www.oneill.com/eu/en/lola-tunique-dress/0A8971-4900-140.html,€20.99
93,O'NEILL,0A8988-1940 WHITE AOP,0A8988-1940,Dresses & Jumpsuits,LG SUMMER PLAYSUIT,,,https://www.oneill.com/eu/en/summer-playsuit/0A8988-1940-104.html,€39.99
94,O'NEILL,0A8988-4960 PINK AOP W,0A8988-4960,Dresses & Jumpsuits,LG SUMMER PLAYSUIT,,,https://www.oneill.com/eu/en/summer-playsuit/0A8988-4960-104.html,€39.99
95,O'NEILL,9P5270-1030 Powder Whi,9P5270-1030,Fleeces,LG HAZEL FLEECE,,,https://www.oneill.com/fr/en/hazel-fleece/9P5270-1030-116.html,€34.99
96,O'NEILL,9P5270-4048 Bridal Ros,9P5270-4048,Fleeces,LG HAZEL FLEECE,,,https://www.oneill.com/fr/en/hazel-fleece/9P5270-4048-104.html,€34.99
97,O'NEILL,9P6070-3000 Gun Metal,9P6070-3000,Jackets,LG CB TRANSIT TOURING,,,https://www.oneill.com/eu/en/transit-touring-jacket/9P6070-3000-104.html,€69.99
98,O'NEILL,9P6070-3021 Neon Flame,9P6070-3021,Jackets,LG CB TRANSIT TOURING,,,https://www.oneill.com/eu/en/transit-touring-jacket/9P6070-3021-128.html,€69.99
99,O'NEILL,0A7782-3124 Lollipop,0A7782-3124,Pants,LG LEGGING,,,Url Not Found,No Url to scrape price
100,O'NEILL,0A7782-4920 PINK-PURP,0A7782-4920,Pants,LG LEGGING,,,https://www.oneill.com/fr/en/branded-waistband-jersey-legging/0A7782-4920-164.html,€20.99
101,O'NEILL,0A7790-1250 Light Auth,0A7790-1250,Pants,LG YFKE DENIM JEGGING,,,https://www.oneill.com/be/en/yfke-jegging-denim-pants/0A7790-1250-104.html,€34.99
102,O'NEILL,0A7786-1250 Light Auth,0A7786-1250,Pants,LG WIDE LEG PANTS,,,https://www.oneill.com/eu/en/knit-denim-wide-leg-pants/0A7786-1250-128.html,€41.99
103,O'NEILL,0A7774-5204 Scale,0A7774-5204,Pants,LG SUMMER JOGGER PANTS,,,https://www.oneill.com/fr/en/branded-waistband-summer-sweatpants/0A7774-5204-116.html,€27.99
104,O'NEILL,0A7774-8001 Silver Mel,0A7774-8001,Pants,LG SUMMER JOGGER PANTS,,,https://www.oneill.com/eu/en/branded-waistband-summer-sweatpants/0A7774-8001-128.html,€27.99
105,O'NEILL,9P7772-4048 Bridal Ros,9P7772-4048,Pants,LG MILLA SWEAT PANTS,,,https://www.oneill.com/fr/en/milla-sweatpants/9P7772-4048-104.html,€34.99
106,O'NEILL,0A7576-1030 Powder Whi,0A7576-1030,Shorts,LG CALI PALM SHORTS,,,https://www.oneill.com/fr/en/cali-palm-twill-shorts/0A7576-1030-116.html,€27.99
107,O'NEILL,0A7576-3121 Mandarine,0A7576-3121,Shorts,LG CALI PALM SHORTS,,,https://www.oneill.com/fr/en/cali-palm-twill-shorts/0A7576-3121-116.html,€27.99
108,O'NEILL,0A7576-5204 Scale,0A7576-5204,Shorts,LG CALI PALM SHORTS,,,https://www.oneill.com/eu/en/cali-palm-twill-shorts/0A7576-5204-116.html,€27.99
109,O'NEILL,0A7580-1940 WHITE AOP,0A7580-1940,Shorts,LG SUMMER SHORTS,,,https://www.oneill.com/eu/en/woven-summer-shorts/0A7580-1940-104.html,€29.99
110,O'NEILL,0A7580-4960 PINK AOP W,0A7580-4960,Shorts,LG SUMMER SHORTS,,,https://www.oneill.com/eu/en/woven-summer-shorts/0A7580-4960-104.html,€29.99
111,O'NEILL,0A7870-4920 PINK-PURP,0A7870-4920,Skirts,LG RUFFLE SKIRT,,,https://www.oneill.com/eu/en/branded-waistband-ruffle-skirt/0A7870-4920-128.html,€27.99
112,O'NEILL,0A7870-5204 Scale,0A7870-5204,Skirts,LG RUFFLE SKIRT,,,https://www.oneill.com/fr/en/branded-waistband-ruffle-skirt/0A7870-5204-128.html,€27.99
113,O'NEILL,9P6170-3021 Neon Flame,9P6170-3021,Superfleeces,LG ANISA SUPERFLEECE,,,https://www.oneill.com/eu/en/anisa-superfleece/9P6170-3021-128.html,€48.99
114,O'NEILL,9P6174-6900 GREEN AOP,9P6174-6900,Superfleeces,LG SHERPA HZ HOODIE - CAMO,,,https://www.oneill.com/eu/en/sherpa-camo-half-zip-hoodie/9P6174-6900-116.html,€48.99
115,O'NEILL,0A6474-6082 Lily Pad,0A6474-6082,Sweatshirts,LG MIA CREW SWEATSHIRT,,,https://www.oneill.com/fr/en/mia-crew-sweatshirt/0A6474-6082-116.html,€27.99
116,O'NEILL,0A6474-8101 White Mele,0A6474-8101,Sweatshirts,LG MIA CREW SWEATSHIRT,,,https://www.oneill.com/eu/en/mia-crew-sweatshirt/0A6474-8101-128.html,€27.99
117,O'NEILL,8P6480-8900 GREY AOP,8P6480-8900,Sweatshirts,LG MOUNTAN CHASE SWEATSHIRT,,,Url Not Found,No Url to scrape price
118,O'NEILL,9P6470-4048 Bridal Ros,9P6470-4048,Sweatshirts,LG ILANA CREW,,,https://www.oneill.com/fr/en/ilana-sweatshirt/9P6470-4048-128.html,€34.99
119,O'NEILL,0A7272-1030 Powder Whi,0A7272-1030,Tees,LG SURF TANKTOP,,,https://www.oneill.com/nl/en/surf-tanktop/0A7272-1030-128.html,€13.99
120,O'NEILL,0A7272-5204 Scale,0A7272-5204,Tees,LG SURF TANKTOP,,,https://www.oneill.com/eu/en/surf-tanktop/0A7272-5204-116.html,€13.99
121,O'NEILL,0A7280-4540 Marge,0A7280-4540,Tees,LG SURF GEAR TANKTOP,,,https://www.oneill.com/eu/en/surf-gear-tanktop/0A7280-4540-128.html,€13.99
122,O'NEILL,0A7280-6151 Salina Gre,0A7280-6151,Tees,LG SURF GEAR TANKTOP,,,Url Not Found,No Url to scrape price
123,O'NEILL,0A7382-6082 Lily Pad,0A7382-6082,Tees,LG ROBYN TANKTOP,,,https://www.oneill.com/eu/en/robyn-tanktop/0A7382-6082-104.html,€18.19
124,O'NEILL,0A7383-1940 WHITE AOP,0A7383-1940,Tees,LG SUMMER TANKTOP,,,https://www.oneill.com/eu/en/summer-tanktop/0A7383-1940-104.html,€25.99
125,O'NEILL,0A7383-4960 PINK AOP W,0A7383-4960,Tees,LG SUMMER TANKTOP,,,Url Not Found,No Url to scrape price
126,O'NEILL,8P7170-3350 Neon Tange,8P7170-3350,Tees,LG MOUNTAIN GAZE L/SLV T-SHIRT,,,Url Not Found,No Url to scrape price
127,O'NEILL,0A7392-6082 Lily Pad,0A7392-6082,Tees,LG PALM T-SHIRT,,,https://www.oneill.com/fr/en/palm-t-shirt/0A7392-6082-128.html,€12.59
128,O'NEILL,0A8372-6940 GREEN AOP,0A8372-6940,Bikinis,PG VENICE BEACH-PARTY BIKINI,,,https://www.oneill.com/eu/en/venice-beach-party-bikini-set/0A8372-6940-128.html,€20.99
